News Source,URL
News API,https://newsapi.org/
Bloomberg,https://www.bloomberg.com/
Reuters,https://www.reuters.com/
Yahoo Finance News,https://finance.yahoo.com/
Financial Times,https://www.ft.com/
The Wall Street Journal (WSJ),https://www.wsj.com/
CNN Business,https://www.cnn.com/business
The New York Times,https://www.nytimes.com/
Nasdaq,https://www.nasdaq.com/
CNBC,https://www.cnbc.com/
MarketWatch,https://www.marketwatch.com/
Investopedia,https://www.investopedia.com/
Zacks Investment Research,https://www.zacks.com/
Forbes,https://www.forbes.com/
Seeking Alpha,https://seekingalpha.com/
